{
    "__JSON__": true,
    "AUTHOR": "Rolith",
    "theme": "Rolith",
    "LANGUAGE": "English",
    "LANGCODE": "en",  
    "STRINGS": { 
        "updater": { 
            "UPDATE": "*Your bot is up-to-date.*",
            "NEW_UPDATE": "*A new update is available!*\n\n*Changelog:*\n",
            "UPDATED_LOCAL": "*Update completed successfully!*"
        },  
        "global": {      
            "botName": "Riruru San",
            "body": "WhatsApp User Bot", 
            "greet2" : "Thank you!",
            "pic1": "null",
            "pic2": "null",
            "pic3": "null",
            "pic4": "null",
            "pic5": "null",
            "pic6": "null",
            "pic7": "null",
            "greet" : "Welcome!",
            "dotbody" : "The journey begins.",
            "emojii" : "🍑", 
            "promote": "Rolith has been granted admin privileges.",
            "pmallow": "*Hello, this is Rolith X896*\nYou have been blocked for spamming.\n\n_Powered by Rolith Tech Info_",
            "pmwarn": "*Warning!*\nPlease refrain from spamming, or you will be blocked. _You have ${checkPermit.times} warning(s).",
            "permited": "*Hello,*\n\nYou have been permitted to send messages now.",
            "revoked" : "*Hello,*\n\nYour permission to send messages has been revoked.",
            "demote": "Rolith's admin privileges have been revoked.",
            "antlink": "Unauthorized link detected.\n*Goodbye!*",
            "session": "\n*Here is your session.json file. Please store it securely.*\nUpload this file to your repository, connect to Heroku, and deploy your branch to keep the bot running.\n\n_Powered by Rolith_Md_",
            "mention": "Please mention my owner.",
            "title": "Rolith-ᴍᴅ",
            "footer": "Riruru",
            "by": "Created by Rolith",
            "chat_desc": "*Available Options:* 1. mute\n2. unmute\n3. archive\n4. unarchive\n5. read\n6. unread\n7. delete",
            "success": "Action completed successfully ✓",
            "dot": "Hi, did you mean *-help*? Please don't disturb me while I'm enjoying ramen.",
            "couple_male": "*I can't imagine life without some help!*",
            "couple_female": "*I can't imagine life without some help!*",
            "admin": "This command is for group admins only ⚠️.",
            "botAdmin": "Please grant me admin privileges to execute this command.❗",
            "owner": "This command is restricted to the owner ⚠️.",
            "group": "This feature is available for group use only ❗",
            "private": "This feature is restricted to private use by the owner ⚠️.",
            "bot": "This command is restricted to the owner ⚠️.",
            "wait": "Processing your request, please wait... ✅"
        },
        "error": {
            "text": "*An error has occurred. Please resolve the issue and try again.*"
        }
    } 
}